"FileName","Path","MissingImports","Placeholders","SuggestedFixes"
"route.ts","D:\cbtc-final\cbtc-lms\app\api\auth\login\route.ts",".\/lib/supabase-server","",""
"route.ts","D:\cbtc-final\cbtc-lms\app\api\auth\register\route.ts",".\/lib/supabase","",""
"route.ts","D:\cbtc-final\cbtc-lms\app\api\courses\route.ts",".\/lib/supabase","",""
"route.ts","D:\cbtc-final\cbtc-lms\app\api\debug\final-audit\route.ts",".\/lib/supabase","",""
"route.ts","D:\cbtc-final\cbtc-lms\app\api\debug\full-audit\route.ts",".\/lib/supabase","",""
"route.ts","D:\cbtc-final\cbtc-lms\app\api\debug\health-check\route.ts",".\/lib/supabase","",""
"route.ts","D:\cbtc-final\cbtc-lms\app\api\enrollments\route.ts",".\/lib/supabase","",""
"route.ts","D:\cbtc-final\cbtc-lms\app\api\friction-data\route.ts",".\/lib/supabase","",""
"route.ts","D:\cbtc-final\cbtc-lms\app\api\health\route.ts",".\/lib/supabase-server","",""
"route.ts","D:\cbtc-final\cbtc-lms\app\api\inflate-questions\route.ts",".\/lib/supabase","",""
"route.ts","D:\cbtc-final\cbtc-lms\app\api\modules\route.ts",".\/lib/supabase","",""
"route.ts","D:\cbtc-final\cbtc-lms\app\api\payments\b2b\employees\route.ts","../../../lib/payment/b2b","",""
"route.ts","D:\cbtc-final\cbtc-lms\app\api\payments\b2b\route.ts","../../../lib/payment/b2b","",""
"route.ts","D:\cbtc-final\cbtc-lms\app\api\payments\student\route.ts","../../../lib/payment/payments","",""
"page.tsx","D:\cbtc-final\cbtc-lms\app\certificate\page.tsx",".\/components/Logo","",""
"page.tsx","D:\cbtc-final\cbtc-lms\app\certification\page.tsx",".\/components/TopNav","",""
"page.tsx","D:\cbtc-final\cbtc-lms\app\dashboard\b2b\page.tsx",".\/components/TopNav","",""
"page.tsx","D:\cbtc-final\cbtc-lms\app\diagnostic\upload\page.tsx",".\/components/TopNav","",""
"page.tsx","D:\cbtc-final\cbtc-lms\app\diagnostic\page.tsx",".\/components/TopNav","",""
"page.tsx","D:\cbtc-final\cbtc-lms\app\login\page.tsx",".\/components/TopNav","",""
"page.tsx","D:\cbtc-final\cbtc-lms\app\modules\fluency\page.tsx",".\/components/TopNav","",""
"page.tsx","D:\cbtc-final\cbtc-lms\app\modules\fundamentals\page.tsx",".\/components/TopNav","",""
"page.tsx","D:\cbtc-final\cbtc-lms\app\modules\logic\page.tsx",".\/components/TopNav","",""
"page.tsx","D:\cbtc-final\cbtc-lms\app\portal\page.tsx",".\/components/TopNav; .\/components/portal/MilestoneForecast","",""
"page.tsx","D:\cbtc-final\cbtc-lms\app\reports\page.tsx",".\/components/TopNav","",""
"page.tsx","D:\cbtc-final\cbtc-lms\app\reset-password\page.tsx",".\/components/TopNav","",""
"page.tsx","D:\cbtc-final\cbtc-lms\app\student\assessment\module-1\page.tsx",".\/components/TopNav","",""
"page.tsx","D:\cbtc-final\cbtc-lms\app\student\assessment\module-2\voice-audit\page.tsx",".\/components/TopNav","",""
"page.tsx","D:\cbtc-final\cbtc-lms\app\student\certification\page.tsx",".\/components/TopNav","",""
"page.tsx","D:\cbtc-final\cbtc-lms\app\student\dashboard\page.tsx",".\/components/TopNav","",""
"page.tsx","D:\cbtc-final\cbtc-lms\app\student\final-exam\page.tsx",".\/components/TopNav","",""
"page.tsx","D:\cbtc-final\cbtc-lms\app\student\glossary\page.tsx",".\/components/TopNav","",""
"page.tsx","D:\cbtc-final\cbtc-lms\app\student\portal\page.tsx",".\/components/TopNav; .\/components/portal/MilestoneForecast","",""
"page.tsx","D:\cbtc-final\cbtc-lms\app\trainer\analytics\page.tsx",".\/components/TopNav","",""
"page.tsx","D:\cbtc-final\cbtc-lms\app\trainer\ingestion\page.tsx",".\/components/TopNav","",""
"page.tsx","D:\cbtc-final\cbtc-lms\app\trainer\page.tsx",".\/components/TopNav","",""
"layout.tsx","D:\cbtc-final\cbtc-lms\app\layout.tsx","./globals.css","",""
"VaultExplorer.tsx","D:\cbtc-final\cbtc-lms\components\admin\VaultExplorer.tsx","../.@/lib/supabase","",""
"StudentDashboardUI.tsx","D:\cbtc-final\cbtc-lms\components\StudentDashboardUI.tsx","./MilestoneForecast","",""
"page.tsx","D:\cbtc-final\cbtc-lms\conflict_backups\admin\reports\page.tsx","../.@/components/admin/OptimizationCard","",""
"trainerAnalytics.ts","D:\cbtc-final\cbtc-lms\conflict_backups\trainer\trainerAnalytics.ts","./pathMappingEngine","",""
"fs.d.ts","D:\cbtc-final\cbtc-lms\nodemodules\@nodelib\fs.scandir\out\adapters\fs.d.ts","../types","",""
"async.d.ts","D:\cbtc-final\cbtc-lms\nodemodules\@nodelib\fs.scandir\out\providers\async.d.ts","../settings; ../types","",""
"sync.d.ts","D:\cbtc-final\cbtc-lms\nodemodules\@nodelib\fs.scandir\out\providers\sync.d.ts","../settings; ../types","",""
"fs.d.ts","D:\cbtc-final\cbtc-lms\nodemodules\@nodelib\fs.scandir\out\utils\fs.d.ts","../types","",""
"index.d.ts","D:\cbtc-final\cbtc-lms\nodemodules\@nodelib\fs.scandir\out\utils\index.d.ts","./fs","",""
"index.d.ts","D:\cbtc-final\cbtc-lms\nodemodules\@nodelib\fs.scandir\out\index.d.ts","./adapters/fs; ./providers/async; ./settings; ./types","",""
"settings.d.ts","D:\cbtc-final\cbtc-lms\nodemodules\@nodelib\fs.scandir\out\settings.d.ts","./adapters/fs","",""
"fs.d.ts","D:\cbtc-final\cbtc-lms\nodemodules\@nodelib\fs.stat\out\adapters\fs.d.ts","../types","",""
"async.d.ts","D:\cbtc-final\cbtc-lms\nodemodules\@nodelib\fs.stat\out\providers\async.d.ts","../settings; ../types","",""
"sync.d.ts","D:\cbtc-final\cbtc-lms\nodemodules\@nodelib\fs.stat\out\providers\sync.d.ts","../settings; ../types","",""
"index.d.ts","D:\cbtc-final\cbtc-lms\nodemodules\@nodelib\fs.stat\out\index.d.ts","./adapters/fs; ./providers/async; ./settings; ./types","",""
"settings.d.ts","D:\cbtc-final\cbtc-lms\nodemodules\@nodelib\fs.stat\out\settings.d.ts","./adapters/fs","",""
"async.d.ts","D:\cbtc-final\cbtc-lms\nodemodules\@nodelib\fs.walk\out\providers\async.d.ts","../readers/async; ../settings; ../types","",""
"index.d.ts","D:\cbtc-final\cbtc-lms\nodemodules\@nodelib\fs.walk\out\providers\index.d.ts","./async; ./stream; ./sync","",""
"stream.d.ts","D:\cbtc-final\cbtc-lms\nodemodules\@nodelib\fs.walk\out\providers\stream.d.ts","../readers/async; ../settings","",""
"sync.d.ts","D:\cbtc-final\cbtc-lms\nodemodules\@nodelib\fs.walk\out\providers\sync.d.ts","../readers/sync; ../settings; ../types","",""
"async.d.ts","D:\cbtc-final\cbtc-lms\nodemodules\@nodelib\fs.walk\out\readers\async.d.ts","../settings; ../types; ./reader","",""
"common.d.ts","D:\cbtc-final\cbtc-lms\nodemodules\@nodelib\fs.walk\out\readers\common.d.ts","../settings; ../settings; ../types","",""
"reader.d.ts","D:\cbtc-final\cbtc-lms\nodemodules\@nodelib\fs.walk\out\readers\reader.d.ts","../settings","",""
"sync.d.ts","D:\cbtc-final\cbtc-lms\nodemodules\@nodelib\fs.walk\out\readers\sync.d.ts","../types; ./reader","",""
"index.d.ts","D:\cbtc-final\cbtc-lms\nodemodules\@nodelib\fs.walk\out\index.d.ts","./providers/async; ./settings; ./types","",""
"settings.d.ts","D:\cbtc-final\cbtc-lms\nodemodules\@nodelib\fs.walk\out\settings.d.ts","./types","",""
"ast.d.ts","D:\cbtc-final\cbtc-lms\nodemodules\@typescript-eslint\typescript-estree\node_modules\minimatch\dist\commonjs\ast.d.ts","./index.js","",""
"escape.d.ts","D:\cbtc-final\cbtc-lms\nodemodules\@typescript-eslint\typescript-estree\node_modules\minimatch\dist\commonjs\escape.d.ts","./index.js","",""
"index.d.ts","D:\cbtc-final\cbtc-lms\nodemodules\@typescript-eslint\typescript-estree\node_modules\minimatch\dist\commonjs\index.d.ts","./ast.js","",""
"unescape.d.ts","D:\cbtc-final\cbtc-lms\nodemodules\@typescript-eslint\typescript-estree\node_modules\minimatch\dist\commonjs\unescape.d.ts","./index.js","",""
"ast.d.ts","D:\cbtc-final\cbtc-lms\nodemodules\@typescript-eslint\typescript-estree\node_modules\minimatch\dist\esm\ast.d.ts","./index.js","",""
"escape.d.ts","D:\cbtc-final\cbtc-lms\nodemodules\@typescript-eslint\typescript-estree\node_modules\minimatch\dist\esm\escape.d.ts","./index.js","",""
"index.d.ts","D:\cbtc-final\cbtc-lms\nodemodules\@typescript-eslint\typescript-estree\node_modules\minimatch\dist\esm\index.d.ts","./ast.js","",""
"unescape.d.ts","D:\cbtc-final\cbtc-lms\nodemodules\@typescript-eslint\typescript-estree\node_modules\minimatch\dist\esm\unescape.d.ts","./index.js","",""
"index.d.ts","D:\cbtc-final\cbtc-lms\nodemodules\@typescript-eslint\visitor-keys\node_modules\eslint-visitor-keys\dist\index.d.ts","./visitor-keys.js","",""
"index.d.ts","D:\cbtc-final\cbtc-lms\nodemodules\eslint\node_modules\eslint-visitor-keys\dist\index.d.ts","./visitor-keys.js","",""
"index.d.ts","D:\cbtc-final\cbtc-lms\nodemodules\espree\node_modules\eslint-visitor-keys\dist\index.d.ts","./visitor-keys.js","",""
"tasks.d.ts","D:\cbtc-final\cbtc-lms\nodemodules\fast-glob\out\managers\tasks.d.ts","../settings; ../types","",""
"deep.d.ts","D:\cbtc-final\cbtc-lms\nodemodules\fast-glob\out\providers\filters\deep.d.ts","../../types; ../../settings","",""
"entry.d.ts","D:\cbtc-final\cbtc-lms\nodemodules\fast-glob\out\providers\filters\entry.d.ts","../../settings; ../../types","",""
"error.d.ts","D:\cbtc-final\cbtc-lms\nodemodules\fast-glob\out\providers\filters\error.d.ts","../../settings; ../../types","",""
"matcher.d.ts","D:\cbtc-final\cbtc-lms\nodemodules\fast-glob\out\providers\matchers\matcher.d.ts","../../types; ../../settings","",""
"partial.d.ts","D:\cbtc-final\cbtc-lms\nodemodules\fast-glob\out\providers\matchers\partial.d.ts","./matcher","",""
"entry.d.ts","D:\cbtc-final\cbtc-lms\nodemodules\fast-glob\out\providers\transformers\entry.d.ts","../../settings; ../../types","",""
"async.d.ts","D:\cbtc-final\cbtc-lms\nodemodules\fast-glob\out\providers\async.d.ts","../managers/tasks; ../types; ../readers/async; ./provider","",""
"provider.d.ts","D:\cbtc-final\cbtc-lms\nodemodules\fast-glob\out\providers\provider.d.ts","../managers/tasks; ../settings; ../types; ./filters/deep; ./filters/entry; ./filters/error; ./transformers/entry","",""
"stream.d.ts","D:\cbtc-final\cbtc-lms\nodemodules\fast-glob\out\providers\stream.d.ts","../managers/tasks; ../readers/stream; ../types; ./provider","",""
"sync.d.ts","D:\cbtc-final\cbtc-lms\nodemodules\fast-glob\out\providers\sync.d.ts","../managers/tasks; ../readers/sync; ../types; ./provider","",""
"async.d.ts","D:\cbtc-final\cbtc-lms\nodemodules\fast-glob\out\readers\async.d.ts","../types; ./reader; ./stream","",""
"reader.d.ts","D:\cbtc-final\cbtc-lms\nodemodules\fast-glob\out\readers\reader.d.ts","../settings; ../types","",""
"stream.d.ts","D:\cbtc-final\cbtc-lms\nodemodules\fast-glob\out\readers\stream.d.ts","../types; ./reader","",""
"sync.d.ts","D:\cbtc-final\cbtc-lms\nodemodules\fast-glob\out\readers\sync.d.ts","../types; ./reader","",""
"errno.d.ts","D:\cbtc-final\cbtc-lms\nodemodules\fast-glob\out\utils\errno.d.ts","../types","",""
"index.d.ts","D:\cbtc-final\cbtc-lms\nodemodules\fast-glob\out\utils\index.d.ts","./array; ./errno; ./fs; ./path; ./pattern; ./stream; ./string","",""
"path.d.ts","D:\cbtc-final\cbtc-lms\nodemodules\fast-glob\out\utils\path.d.ts","../types","",""
"pattern.d.ts","D:\cbtc-final\cbtc-lms\nodemodules\fast-glob\out\utils\pattern.d.ts","../types","",""
"index.d.ts","D:\cbtc-final\cbtc-lms\nodemodules\fast-glob\out\index.d.ts","./managers/tasks; ./settings; ./types","",""
"settings.d.ts","D:\cbtc-final\cbtc-lms\nodemodules\fast-glob\out\settings.d.ts","./types","",""
"ast.d.ts","D:\cbtc-final\cbtc-lms\nodemodules\glob\node_modules\minimatch\dist\commonjs\ast.d.ts","./index.js","",""
"escape.d.ts","D:\cbtc-final\cbtc-lms\nodemodules\glob\node_modules\minimatch\dist\commonjs\escape.d.ts","./index.js","",""
"index.d.ts","D:\cbtc-final\cbtc-lms\nodemodules\glob\node_modules\minimatch\dist\commonjs\index.d.ts","./ast.js","",""
"unescape.d.ts","D:\cbtc-final\cbtc-lms\nodemodules\glob\node_modules\minimatch\dist\commonjs\unescape.d.ts","./index.js","",""
"ast.d.ts","D:\cbtc-final\cbtc-lms\nodemodules\glob\node_modules\minimatch\dist\esm\ast.d.ts","./index.js","",""
"escape.d.ts","D:\cbtc-final\cbtc-lms\nodemodules\glob\node_modules\minimatch\dist\esm\escape.d.ts","./index.js","",""
"index.d.ts","D:\cbtc-final\cbtc-lms\nodemodules\glob\node_modules\minimatch\dist\esm\index.d.ts","./ast.js","",""
"unescape.d.ts","D:\cbtc-final\cbtc-lms\nodemodules\glob\node_modules\minimatch\dist\esm\unescape.d.ts","./index.js","",""
"get-page-static-info.d.ts","D:\cbtc-final\cbtc-lms\nodemodules\next\dist\build\analysis\get-page-static-info.d.ts","../../server/config-shared; ../@/lib/load-custom-routes; ../webpack/loaders/get-module-build-info; ../@/lib/page-types","",""
"get-config.d.ts","D:\cbtc-final\cbtc-lms\nodemodules\next\dist\build\babel\loader\get-config.d.ts","./types","",""
"index.d.ts","D:\cbtc-final\cbtc-lms\nodemodules\next\dist\build\babel\loader\index.d.ts","./types","",""
"transform.d.ts","D:\cbtc-final\cbtc-lms\nodemodules\next\dist\build\babel\loader\transform.d.ts","../../../trace; ./types","",""
"types.d.ts","D:\cbtc-final\cbtc-lms\nodemodules\next\dist\build\babel\loader\types.d.ts","../../../trace","",""
"index.d.ts","D:\cbtc-final\cbtc-lms\nodemodules\next\dist\build\swc\index.d.ts","../../server/config-shared; ../webpack/plugins/define-env-plugin; ../../server/api-utils","",""
"jest-transformer.d.ts","D:\cbtc-final\cbtc-lms\nodemodules\next\dist\build\swc\jest-transformer.d.ts","../../server/config-shared; ../load-jsconfig","",""
"options.d.ts","D:\cbtc-final\cbtc-lms\nodemodules\next\dist\build\swc\options.d.ts","../@/lib/constants; ../../server/config-shared; ../load-jsconfig","",""
"app-page.d.ts","D:\cbtc-final\cbtc-lms\nodemodules\next\dist\build\templates\app-page.d.ts","../../server/lib/app-dir-module; ../../server/future/route-modules/app-page/module.compiled","",""
"app-route.d.ts","D:\cbtc-final\cbtc-lms\nodemodules\next\dist\build\templates\app-route.d.ts","../../server/future/route-modules/app-route/module.compiled","",""
"edge-ssr-app.d.ts","D:\cbtc-final\cbtc-lms\nodemodules\next\dist\build\templates\edge-ssr-app.d.ts","../../server/web/globals; ../../server/web/types","",""
"edge-ssr.d.ts","D:\cbtc-final\cbtc-lms\nodemodules\next\dist\build\templates\edge-ssr.d.ts","../../server/web/globals; ../../server/web/types","",""
"middleware.d.ts","D:\cbtc-final\cbtc-lms\nodemodules\next\dist\build\templates\middleware.d.ts","../../server/web/adapter; ../../server/web/globals","",""
"pages-api.d.ts","D:\cbtc-final\cbtc-lms\nodemodules\next\dist\build\templates\pages-api.d.ts","../../server/future/route-modules/pages-api/module.compiled","",""
"pages-edge-api.d.ts","D:\cbtc-final\cbtc-lms\nodemodules\next\dist\build\templates\pages-edge-api.d.ts","../../server/web/adapter; ../../server/web/globals","",""
"pages.d.ts","D:\cbtc-final\cbtc-lms\nodemodules\next\dist\build\templates\pages.d.ts","../../server/future/route-modules/pages/module.compiled","",""
"env.d.ts","D:\cbtc-final\cbtc-lms\nodemodules\next\dist\build\turborepo-access-trace\env.d.ts","./types","",""
"helpers.d.ts","D:\cbtc-final\cbtc-lms\nodemodules\next\dist\build\turborepo-access-trace\helpers.d.ts","./result","",""
"result.d.ts","D:\cbtc-final\cbtc-lms\nodemodules\next\dist\build\turborepo-access-trace\result.d.ts","./types","",""
"tcp.d.ts","D:\cbtc-final\cbtc-lms\nodemodules\next\dist\build\turborepo-access-trace\tcp.d.ts","./types","",""
"global.d.ts","D:\cbtc-final\cbtc-lms\nodemodules\next\dist\build\webpack\config\blocks\css\loaders\global.d.ts","../../../utils","",""
"modules.d.ts","D:\cbtc-final\cbtc-lms\nodemodules\next\dist\build\webpack\config\blocks\css\loaders\modules.d.ts","../../../utils","",""
"next-font.d.ts","D:\cbtc-final\cbtc-lms\nodemodules\next\dist\build\webpack\config\blocks\css\loaders\next-font.d.ts","../../../utils","",""
"index.d.ts","D:\cbtc-final\cbtc-lms\nodemodules\next\dist\build\webpack\config\blocks\css\index.d.ts","../../utils","",""
"index.d.ts","D:\cbtc-final\cbtc-lms\nodemodules\next\dist\build\webpack\config\blocks\images\index.d.ts","../../utils","",""
"base.d.ts","D:\cbtc-final\cbtc-lms\nodemodules\next\dist\build\webpack\config\blocks\base.d.ts","../utils","",""
"index.d.ts","D:\cbtc-final\cbtc-lms\nodemodules\next\dist\build\webpack\config\index.d.ts","../../../server/config-shared","",""
"utils.d.ts","D:\cbtc-final\cbtc-lms\nodemodules\next\dist\build\webpack\config\utils.d.ts","../../../server/config-shared","",""
"index.d.ts","D:\cbtc-final\cbtc-lms\nodemodules\next\dist\build\webpack\loaders\css-loader\src\plugins\index.d.ts","./postcss-import-parser; ./postcss-icss-parser; ./postcss-url-parser","",""
"index.d.ts","D:\cbtc-final\cbtc-lms\nodemodules\next\dist\build\webpack\loaders\lightningcss-loader\src\index.d.ts","./loader","",""
"discover.d.ts","D:\cbtc-final\cbtc-lms\nodemodules\next\dist\build\webpack\loaders\metadata\discover.d.ts","./types; ../next-app-loader; ../../../page-extensions-type","",""
"resolve-route-data.d.ts","D:\cbtc-final\cbtc-lms\nodemodules\next\dist\build\webpack\loaders\metadata\resolve-route-data.d.ts","../../../@/lib/metadata/types/metadata-interface","",""
"index.d.ts","D:\cbtc-final\cbtc-lms\nodemodules\next\dist\build\webpack\loaders\next-edge-app-route-loader\index.d.ts","../../../../server/config-shared","",""
"index.d.ts","D:\cbtc-final\cbtc-lms\nodemodules\next\dist\build\webpack\loaders\next-edge-ssr-loader\index.d.ts","../../../../../types; ../../../@/lib/page-types","",""
"render.d.ts","D:\cbtc-final\cbtc-lms\nodemodules\next\dist\build\webpack\loaders\next-edge-ssr-loader\render.d.ts","../../../../server/config-shared; ../../../../shared/lib/utils; ../../../../server/get-page-files; ../../../../server/load-components; ../../plugins/flight-manifest-plugin; ../../plugins/next-font-manifest-plugin; ../../../../server/web/spec-extension/fetch-event; ../../..; ../../../../../types; ../../../@/lib/page-types; ../../../../server/web/adapter","",""
"postcss-next-font.d.ts","D:\cbtc-final\cbtc-lms\nodemodules\next\dist\build\webpack\loaders\next-font-loader\postcss-next-font.d.ts","../../../../../font","",""
"index.d.ts","D:\cbtc-final\cbtc-lms\nodemodules\next\dist\build\webpack\loaders\next-route-loader\index.d.ts","../../../analysis/get-page-static-info; ../../../../server/future/route-kind; ../../../build-context","",""
"get-module-build-info.d.ts","D:\cbtc-final\cbtc-lms\nodemodules\next\dist\build\webpack\loaders\get-module-build-info.d.ts","../../analysis/get-page-static-info","",""
"next-app-loader.d.ts","D:\cbtc-final\cbtc-lms\nodemodules\next\dist\build\webpack\loaders\next-app-loader.d.ts","../../../shared/lib/constants; ./metadata/types; ../../../server/config-shared; ../../page-extensions-type","",""
"next-barrel-loader.d.ts","D:\cbtc-final\cbtc-lms\nodemodules\next\dist\build\webpack\loaders\next-barrel-loader.d.ts","./module-a' => '[""b"", ""./module-a"", ""a""]","",""
"next-metadata-image-loader.d.ts","D:\cbtc-final\cbtc-lms\nodemodules\next\dist\build\webpack\loaders\next-metadata-image-loader.d.ts","./metadata/types; ../../page-extensions-type","",""
"next-middleware-loader.d.ts","D:\cbtc-final\cbtc-lms\nodemodules\next\dist\build\webpack\loaders\next-middleware-loader.d.ts","../../analysis/get-page-static-info","",""
"next-swc-loader.d.ts","D:\cbtc-final\cbtc-lms\nodemodules\next\dist\build\webpack\loaders\next-swc-loader.d.ts","../../../../types; ../../@/lib/constants","",""
"index.d.ts","D:\cbtc-final\cbtc-lms\nodemodules\next\dist\build\webpack\plugins\next-types-plugin\index.d.ts","../../../@/lib/load-custom-routes; ../../../page-extensions-type","",""
"parse-dynamic-code-evaluation-error.d.ts","D:\cbtc-final\cbtc-lms\nodemodules\next\dist\build\webpack\plugins\wellknown-errors-plugin\parse-dynamic-code-evaluation-error.d.ts","./simpleWebpackError","",""
"parseBabel.d.ts","D:\cbtc-final\cbtc-lms\nodemodules\next\dist\build\webpack\plugins\wellknown-errors-plugin\parseBabel.d.ts","./simpleWebpackError","",""
"parseCss.d.ts","D:\cbtc-final\cbtc-lms\nodemodules\next\dist\build\webpack\plugins\wellknown-errors-plugin\parseCss.d.ts","./simpleWebpackError","",""
"parseNextAppLoaderError.d.ts","D:\cbtc-final\cbtc-lms\nodemodules\next\dist\build\webpack\plugins\wellknown-errors-plugin\parseNextAppLoaderError.d.ts","./simpleWebpackError","",""
"parseNextFontError.d.ts","D:\cbtc-final\cbtc-lms\nodemodules\next\dist\build\webpack\plugins\wellknown-errors-plugin\parseNextFontError.d.ts","./simpleWebpackError","",""
"parseNextInvalidImportError.d.ts","D:\cbtc-final\cbtc-lms\nodemodules\next\dist\build\webpack\plugins\wellknown-errors-plugin\parseNextInvalidImportError.d.ts","./simpleWebpackError","",""
"parseNotFoundError.d.ts","D:\cbtc-final\cbtc-lms\nodemodules\next\dist\build\webpack\plugins\wellknown-errors-plugin\parseNotFoundError.d.ts","./simpleWebpackError","",""
"parseRSC.d.ts","D:\cbtc-final\cbtc-lms\nodemodules\next\dist\build\webpack\plugins\wellknown-errors-plugin\parseRSC.d.ts","./simpleWebpackError","",""
"parseScss.d.ts","D:\cbtc-final\cbtc-lms\nodemodules\next\dist\build\webpack\plugins\wellknown-errors-plugin\parseScss.d.ts","./simpleWebpackError","",""
"webpackModuleError.d.ts","D:\cbtc-final\cbtc-lms\nodemodules\next\dist\build\webpack\plugins\wellknown-errors-plugin\webpackModuleError.d.ts","./simpleWebpackError","",""
"build-manifest-plugin.d.ts","D:\cbtc-final\cbtc-lms\nodemodules\next\dist\build\webpack\plugins\build-manifest-plugin.d.ts","../../@/lib/load-custom-routes","",""
"define-env-plugin.d.ts","D:\cbtc-final\cbtc-lms\nodemodules\next\dist\build\webpack\plugins\define-env-plugin.d.ts","../../../server/config-shared; ../../analysis/get-page-static-info","",""
"flight-client-entry-plugin.d.ts","D:\cbtc-final\cbtc-lms\nodemodules\next\dist\build\webpack\plugins\flight-client-entry-plugin.d.ts","../loaders/next-flight-client-entry-loader","",""
"font-stylesheet-gathering-plugin.d.ts","D:\cbtc-final\cbtc-lms\nodemodules\next\dist\build\webpack\plugins\font-stylesheet-gathering-plugin.d.ts","../../../server/font-utils","",""
"jsconfig-paths-plugin.d.ts","D:\cbtc-final\cbtc-lms\nodemodules\next\dist\build\webpack\plugins\jsconfig-paths-plugin.d.ts","../../load-jsconfig","",""
"middleware-plugin.d.ts","D:\cbtc-final\cbtc-lms\nodemodules\next\dist\build\webpack\plugins\middleware-plugin.d.ts","../loaders/get-module-build-info; ../../analysis/get-page-static-info; ../../@/lib/load-custom-routes","",""
"next-trace-entrypoints-plugin.d.ts","D:\cbtc-final\cbtc-lms\nodemodules\next\dist\build\webpack\plugins\next-trace-entrypoints-plugin.d.ts","../../../trace; ../../../server/config-shared","",""
"profiling-plugin.d.ts","D:\cbtc-final\cbtc-lms\nodemodules\next\dist\build\webpack\plugins\profiling-plugin.d.ts","../../../trace","",""
"impl.d.ts","D:\cbtc-final\cbtc-lms\nodemodules\next\dist\build\webpack-build\impl.d.ts","../../shared/lib/constants; ../webpack/plugins/telemetry-plugin; ../build-context; ../../trace; ../webpack/plugins/next-trace-entrypoints-plugin","",""
"index.d.ts","D:\cbtc-final\cbtc-lms\nodemodules\next\dist\build\webpack-build\index.d.ts","../webpack/plugins/next-trace-entrypoints-plugin","",""
"resolve.d.ts","D:\cbtc-final\cbtc-lms\nodemodules\next\dist\build\webpack-config-rules\resolve.d.ts","../../shared/lib/constants","",""
"build-context.d.ts","D:\cbtc-final\cbtc-lms\nodemodules\next\dist\build\build-context.d.ts","../server/api-utils; ../server/config-shared; ../trace; ./webpack-config; ./webpack/plugins/telemetry-plugin; ../telemetry/storage","",""
"collect-build-traces.d.ts","D:\cbtc-final\cbtc-lms\nodemodules\next\dist\build\collect-build-traces.d.ts","../trace; ../server/config-shared; ./webpack/plugins/next-trace-entrypoints-plugin; ./utils","",""
"compiler.d.ts","D:\cbtc-final\cbtc-lms\nodemodules\next\dist\build\compiler.d.ts","../trace","",""
"create-compiler-aliases.d.ts","D:\cbtc-final\cbtc-lms\nodemodules\next\dist\build\create-compiler-aliases.d.ts","../server/config-shared","",""
"entries.d.ts","D:\cbtc-final\cbtc-lms\nodemodules\next\dist\build\entries.d.ts","../server/config-shared; ./analysis/get-page-static-info; ./webpack/loaders/next-app-loader; ../shared/lib/constants; ../server/api-utils; ../../types; ./page-extensions-type; ./build-context","",""
"handle-externals.d.ts","D:\cbtc-final\cbtc-lms\nodemodules\next\dist\build\handle-externals.d.ts","../server/config-shared","",""
"index.d.ts","D:\cbtc-final\cbtc-lms\nodemodules\next\dist\build\index.d.ts","../server/lib/revalidate; ../server/api-utils; ../client/components/app-router-headers","",""
"load-jsconfig.d.ts","D:\cbtc-final\cbtc-lms\nodemodules\next\dist\build\load-jsconfig.d.ts","../server/config-shared","",""
"normalize-catchall-routes.d.ts","D:\cbtc-final\cbtc-lms\nodemodules\next\dist\build\normalize-catchall-routes.d.ts","../server/future/normalizers/built/app/app-pathname-normalizer","",""
"type-check.d.ts","D:\cbtc-final\cbtc-lms\nodemodules\next\dist\build\type-check.d.ts","../server/config-shared; ../telemetry/storage; ../trace","",""
"utils.d.ts","D:\cbtc-final\cbtc-lms\nodemodules\next\dist\build\utils.d.ts","../server/config-shared; ./webpack/plugins/app-build-manifest-plugin; ../server/get-page-files; ./webpack/plugins/middleware-plugin; ../server/future/route-modules/app-page/module; ../server/lib/app-dir-module; ../server/require-hook; ../server/node-polyfill-crypto; ../server/node-environment; ../server/lib/incremental-cache; ./page-extensions-type","",""
"webpack-config.d.ts","D:\cbtc-final\cbtc-lms\nodemodules\next\dist\build\webpack-config.d.ts","../shared/lib/constants; ../server/config-shared; ../trace; ./analysis/get-page-static-info; ./load-jsconfig","",""
"worker.d.ts","D:\cbtc-final\cbtc-lms\nodemodules\next\dist\build\worker.d.ts","../server/require-hook; ../export/worker","",""
"types.d.ts","D:\cbtc-final\cbtc-lms\nodemodules\next\dist\esm\build\babel\loader\types.d.ts","../../../trace","",""
"at-rule.d.ts","D:\cbtc-final\cbtc-lms\nodemodules\next\node_modules\postcss\lib\at-rule.d.ts","./container.js","",""
"comment.d.ts","D:\cbtc-final\cbtc-lms\nodemodules\next\node_modules\postcss\lib\comment.d.ts","./container.js; ./node.js","",""
"container.d.ts","D:\cbtc-final\cbtc-lms\nodemodules\next\node_modules\postcss\lib\container.d.ts","./at-rule.js; ./comment.js; ./declaration.js; ./node.js; ./rule.js","",""
"css-syntax-error.d.ts","D:\cbtc-final\cbtc-lms\nodemodules\next\node_modules\postcss\lib\css-syntax-error.d.ts","./input.js","",""
"declaration.d.ts","D:\cbtc-final\cbtc-lms\nodemodules\next\node_modules\postcss\lib\declaration.d.ts","./container.js; ./node.js","",""
"document.d.ts","D:\cbtc-final\cbtc-lms\nodemodules\next\node_modules\postcss\lib\document.d.ts","./container.js; ./postcss.js; ./result.js; ./root.js","",""
"fromJSON.d.ts","D:\cbtc-final\cbtc-lms\nodemodules\next\node_modules\postcss\lib\fromJSON.d.ts","./postcss.js","",""
"input.d.ts","D:\cbtc-final\cbtc-lms\nodemodules\next\node_modules\postcss\lib\input.d.ts","./postcss.js; ./previous-map.js","",""
"lazy-result.d.ts","D:\cbtc-final\cbtc-lms\nodemodules\next\node_modules\postcss\lib\lazy-result.d.ts","./document.js; ./postcss.js; ./processor.js; ./result.js; ./root.js; ./warning.js","",""
"no-work-result.d.ts","D:\cbtc-final\cbtc-lms\nodemodules\next\node_modules\postcss\lib\no-work-result.d.ts","./lazy-result.js; ./postcss.js; ./processor.js; ./result.js; ./root.js; ./warning.js","",""
"node.d.ts","D:\cbtc-final\cbtc-lms\nodemodules\next\node_modules\postcss\lib\node.d.ts","./at-rule.js; ./comment.js; ./container.js; ./css-syntax-error.js; ./declaration.js; ./document.js; ./input.js; ./postcss.js; ./result.js; ./root.js; ./rule.js; ./warning.js","",""
"parse.d.ts","D:\cbtc-final\cbtc-lms\nodemodules\next\node_modules\postcss\lib\parse.d.ts","./postcss.js","",""
"postcss.d.ts","D:\cbtc-final\cbtc-lms\nodemodules\next\node_modules\postcss\lib\postcss.d.ts","./at-rule.js; ./comment.js; ./container.js; ./css-syntax-error.js; ./declaration.js; ./document.js; ./input.js; ./lazy-result.js; ./list.js; ./processor.js; ./result.js; ./root.js; ./rule.js; ./warning.js","",""
"previous-map.d.ts","D:\cbtc-final\cbtc-lms\nodemodules\next\node_modules\postcss\lib\previous-map.d.ts","./postcss.js","",""
"processor.d.ts","D:\cbtc-final\cbtc-lms\nodemodules\next\node_modules\postcss\lib\processor.d.ts","./document.js; ./lazy-result.js; ./no-work-result.js; ./result.js; ./root.js","",""
"result.d.ts","D:\cbtc-final\cbtc-lms\nodemodules\next\node_modules\postcss\lib\result.d.ts","./processor.js","",""
"root.d.ts","D:\cbtc-final\cbtc-lms\nodemodules\next\node_modules\postcss\lib\root.d.ts","./container.js; ./document.js; ./postcss.js; ./result.js","",""
"rule.d.ts","D:\cbtc-final\cbtc-lms\nodemodules\next\node_modules\postcss\lib\rule.d.ts","./container.js","",""
"stringify.d.ts","D:\cbtc-final\cbtc-lms\nodemodules\next\node_modules\postcss\lib\stringify.d.ts","./postcss.js","",""
"warning.d.ts","D:\cbtc-final\cbtc-lms\nodemodules\next\node_modules\postcss\lib\warning.d.ts","./css-syntax-error.js; ./node.js","",""
"glob.d.ts","D:\cbtc-final\cbtc-lms\nodemodules\sucrase\node_modules\glob\dist\commonjs\glob.d.ts","./ignore.js; ./pattern.js","",""
"has-magic.d.ts","D:\cbtc-final\cbtc-lms\nodemodules\sucrase\node_modules\glob\dist\commonjs\has-magic.d.ts","./glob.js","",""
"ignore.d.ts","D:\cbtc-final\cbtc-lms\nodemodules\sucrase\node_modules\glob\dist\commonjs\ignore.d.ts","./walker.js","",""
"index.d.ts","D:\cbtc-final\cbtc-lms\nodemodules\sucrase\node_modules\glob\dist\commonjs\index.d.ts","./glob.js; ./glob.js","",""
"processor.d.ts","D:\cbtc-final\cbtc-lms\nodemodules\sucrase\node_modules\glob\dist\commonjs\processor.d.ts","./pattern.js; ./walker.js","",""
"walker.d.ts","D:\cbtc-final\cbtc-lms\nodemodules\sucrase\node_modules\glob\dist\commonjs\walker.d.ts","./ignore.js; ./pattern.js; ./processor.js","",""
"glob.d.ts","D:\cbtc-final\cbtc-lms\nodemodules\sucrase\node_modules\glob\dist\esm\glob.d.ts","./ignore.js; ./pattern.js","",""
"has-magic.d.ts","D:\cbtc-final\cbtc-lms\nodemodules\sucrase\node_modules\glob\dist\esm\has-magic.d.ts","./glob.js","",""
"ignore.d.ts","D:\cbtc-final\cbtc-lms\nodemodules\sucrase\node_modules\glob\dist\esm\ignore.d.ts","./walker.js","",""
"index.d.ts","D:\cbtc-final\cbtc-lms\nodemodules\sucrase\node_modules\glob\dist\esm\index.d.ts","./glob.js; ./glob.js","",""
"processor.d.ts","D:\cbtc-final\cbtc-lms\nodemodules\sucrase\node_modules\glob\dist\esm\processor.d.ts","./pattern.js; ./walker.js","",""
"walker.d.ts","D:\cbtc-final\cbtc-lms\nodemodules\sucrase\node_modules\glob\dist\esm\walker.d.ts","./ignore.js; ./pattern.js; ./processor.js","",""
"ast.d.ts","D:\cbtc-final\cbtc-lms\nodemodules\sucrase\node_modules\minimatch\dist\commonjs\ast.d.ts","./index.js","",""
"escape.d.ts","D:\cbtc-final\cbtc-lms\nodemodules\sucrase\node_modules\minimatch\dist\commonjs\escape.d.ts","./index.js","",""
"index.d.ts","D:\cbtc-final\cbtc-lms\nodemodules\sucrase\node_modules\minimatch\dist\commonjs\index.d.ts","./ast.js","",""
"unescape.d.ts","D:\cbtc-final\cbtc-lms\nodemodules\sucrase\node_modules\minimatch\dist\commonjs\unescape.d.ts","./index.js","",""
"ast.d.ts","D:\cbtc-final\cbtc-lms\nodemodules\sucrase\node_modules\minimatch\dist\esm\ast.d.ts","./index.js","",""
"escape.d.ts","D:\cbtc-final\cbtc-lms\nodemodules\sucrase\node_modules\minimatch\dist\esm\escape.d.ts","./index.js","",""
"index.d.ts","D:\cbtc-final\cbtc-lms\nodemodules\sucrase\node_modules\minimatch\dist\esm\index.d.ts","./ast.js","",""
"unescape.d.ts","D:\cbtc-final\cbtc-lms\nodemodules\sucrase\node_modules\minimatch\dist\esm\unescape.d.ts","./index.js","",""
"chat-session-helpers.d.ts","D:\cbtc-final\cbtc-lms\node_modules\@google\generative-ai\dist\server\src\methods\chat-session-helpers.d.ts","../../types","",""
"chat-session.d.ts","D:\cbtc-final\cbtc-lms\node_modules\@google\generative-ai\dist\server\src\methods\chat-session.d.ts","../../types","",""
"count-tokens.d.ts","D:\cbtc-final\cbtc-lms\node_modules\@google\generative-ai\dist\server\src\methods\count-tokens.d.ts","../../types","",""
"embed-content.d.ts","D:\cbtc-final\cbtc-lms\node_modules\@google\generative-ai\dist\server\src\methods\embed-content.d.ts","../../types","",""
"generate-content.d.ts","D:\cbtc-final\cbtc-lms\node_modules\@google\generative-ai\dist\server\src\methods\generate-content.d.ts","../../types","",""
"generative-model.d.ts","D:\cbtc-final\cbtc-lms\node_modules\@google\generative-ai\dist\server\src\models\generative-model.d.ts","../../types; ../methods/chat-session","",""
"request-helpers.d.ts","D:\cbtc-final\cbtc-lms\node_modules\@google\generative-ai\dist\server\src\requests\request-helpers.d.ts","../../types","",""
"request.d.ts","D:\cbtc-final\cbtc-lms\node_modules\@google\generative-ai\dist\server\src\requests\request.d.ts","../../types","",""
"response-helpers.d.ts","D:\cbtc-final\cbtc-lms\node_modules\@google\generative-ai\dist\server\src\requests\response-helpers.d.ts","../../types","",""
"stream-reader.d.ts","D:\cbtc-final\cbtc-lms\node_modules\@google\generative-ai\dist\server\src\requests\stream-reader.d.ts","../../types","",""
"cache-manager.d.ts","D:\cbtc-final\cbtc-lms\node_modules\@google\generative-ai\dist\server\src\server\cache-manager.d.ts","../../types; ../../types/server","",""
"file-manager.d.ts","D:\cbtc-final\cbtc-lms\node_modules\@google\generative-ai\dist\server\src\server\file-manager.d.ts","../../types; ../../types/server","",""
"request.d.ts","D:\cbtc-final\cbtc-lms\node_modules\@google\generative-ai\dist\server\src\server\request.d.ts","../../types; ./constants","",""
"errors.d.ts","D:\cbtc-final\cbtc-lms\node_modules\@google\generative-ai\dist\server\src\errors.d.ts","../types","",""
"gen-ai.d.ts","D:\cbtc-final\cbtc-lms\node_modules\@google\generative-ai\dist\server\src\gen-ai.d.ts","../types; ./models/generative-model","",""
"caching.d.ts","D:\cbtc-final\cbtc-lms\node_modules\@google\generative-ai\dist\server\types\server\caching.d.ts","../content; ../function-calling; ../requests","",""
"files.d.ts","D:\cbtc-final\cbtc-lms\node_modules\@google\generative-ai\dist\server\types\server\files.d.ts","./shared","",""
"shared.d.ts","D:\cbtc-final\cbtc-lms\node_modules\@google\generative-ai\dist\server\types\server\shared.d.ts","../responses","",""
"function-calling.d.ts","D:\cbtc-final\cbtc-lms\node_modules\@google\generative-ai\dist\server\types\function-calling.d.ts","./enums","",""
"requests.d.ts","D:\cbtc-final\cbtc-lms\node_modules\@google\generative-ai\dist\server\types\requests.d.ts","./server/caching; ./content; ./enums; ./function-calling; ./search-grounding","",""
"responses.d.ts","D:\cbtc-final\cbtc-lms\node_modules\@google\generative-ai\dist\server\types\responses.d.ts","./content; ./enums; ./search-grounding","",""
"search-grounding.d.ts","D:\cbtc-final\cbtc-lms\node_modules\@google\generative-ai\dist\server\types\search-grounding.d.ts","./enums","",""
"chat-session-helpers.d.ts","D:\cbtc-final\cbtc-lms\node_modules\@google\generative-ai\dist\src\methods\chat-session-helpers.d.ts","../../types","",""
"chat-session.d.ts","D:\cbtc-final\cbtc-lms\node_modules\@google\generative-ai\dist\src\methods\chat-session.d.ts","../../types","",""
"count-tokens.d.ts","D:\cbtc-final\cbtc-lms\node_modules\@google\generative-ai\dist\src\methods\count-tokens.d.ts","../../types","",""
"embed-content.d.ts","D:\cbtc-final\cbtc-lms\node_modules\@google\generative-ai\dist\src\methods\embed-content.d.ts","../../types","",""
"generate-content.d.ts","D:\cbtc-final\cbtc-lms\node_modules\@google\generative-ai\dist\src\methods\generate-content.d.ts","../../types","",""
"generative-model.d.ts","D:\cbtc-final\cbtc-lms\node_modules\@google\generative-ai\dist\src\models\generative-model.d.ts","../../types; ../methods/chat-session","",""
"request-helpers.d.ts","D:\cbtc-final\cbtc-lms\node_modules\@google\generative-ai\dist\src\requests\request-helpers.d.ts","../../types","",""
"request.d.ts","D:\cbtc-final\cbtc-lms\node_modules\@google\generative-ai\dist\src\requests\request.d.ts","../../types","",""
"response-helpers.d.ts","D:\cbtc-final\cbtc-lms\node_modules\@google\generative-ai\dist\src\requests\response-helpers.d.ts","../../types","",""
"stream-reader.d.ts","D:\cbtc-final\cbtc-lms\node_modules\@google\generative-ai\dist\src\requests\stream-reader.d.ts","../../types","",""
"cache-manager.d.ts","D:\cbtc-final\cbtc-lms\node_modules\@google\generative-ai\dist\src\server\cache-manager.d.ts","../../types; ../../types/server","",""
"file-manager.d.ts","D:\cbtc-final\cbtc-lms\node_modules\@google\generative-ai\dist\src\server\file-manager.d.ts","../../types; ../../types/server","",""
"request.d.ts","D:\cbtc-final\cbtc-lms\node_modules\@google\generative-ai\dist\src\server\request.d.ts","../../types; ./constants","",""
"errors.d.ts","D:\cbtc-final\cbtc-lms\node_modules\@google\generative-ai\dist\src\errors.d.ts","../types","",""
"gen-ai.d.ts","D:\cbtc-final\cbtc-lms\node_modules\@google\generative-ai\dist\src\gen-ai.d.ts","../types; ./models/generative-model","",""
"caching.d.ts","D:\cbtc-final\cbtc-lms\node_modules\@google\generative-ai\dist\types\server\caching.d.ts","../content; ../function-calling; ../requests","",""
"files.d.ts","D:\cbtc-final\cbtc-lms\node_modules\@google\generative-ai\dist\types\server\files.d.ts","./shared","",""
"shared.d.ts","D:\cbtc-final\cbtc-lms\node_modules\@google\generative-ai\dist\types\server\shared.d.ts","../responses","",""
"function-calling.d.ts","D:\cbtc-final\cbtc-lms\node_modules\@google\generative-ai\dist\types\function-calling.d.ts","./enums","",""
"requests.d.ts","D:\cbtc-final\cbtc-lms\node_modules\@google\generative-ai\dist\types\requests.d.ts","./server/caching; ./content; ./enums; ./function-calling; ./search-grounding","",""
"responses.d.ts","D:\cbtc-final\cbtc-lms\node_modules\@google\generative-ai\dist\types\responses.d.ts","./content; ./enums; ./search-grounding","",""
"search-grounding.d.ts","D:\cbtc-final\cbtc-lms\node_modules\@google\generative-ai\dist\types\search-grounding.d.ts","./enums","",""
"generative_service_client.d.ts","D:\cbtc-final\cbtc-lms\node_modules\@google-ai\generativelanguage\build\src\v1\generative_service_client.d.ts","../../protos/protos","",""
"model_service_client.d.ts","D:\cbtc-final\cbtc-lms\node_modules\@google-ai\generativelanguage\build\src\v1\model_service_client.d.ts","../../protos/protos","",""
"cache_service_client.d.ts","D:\cbtc-final\cbtc-lms\node_modules\@google-ai\generativelanguage\build\src\v1alpha\cache_service_client.d.ts","../../protos/protos","",""
"discuss_service_client.d.ts","D:\cbtc-final\cbtc-lms\node_modules\@google-ai\generativelanguage\build\src\v1alpha\discuss_service_client.d.ts","../../protos/protos","",""
"file_service_client.d.ts","D:\cbtc-final\cbtc-lms\node_modules\@google-ai\generativelanguage\build\src\v1alpha\file_service_client.d.ts","../../protos/protos","",""
"generative_service_client.d.ts","D:\cbtc-final\cbtc-lms\node_modules\@google-ai\generativelanguage\build\src\v1alpha\generative_service_client.d.ts","../../protos/protos","",""
"model_service_client.d.ts","D:\cbtc-final\cbtc-lms\node_modules\@google-ai\generativelanguage\build\src\v1alpha\model_service_client.d.ts","../../protos/protos","",""
"permission_service_client.d.ts","D:\cbtc-final\cbtc-lms\node_modules\@google-ai\generativelanguage\build\src\v1alpha\permission_service_client.d.ts","../../protos/protos","",""
"prediction_service_client.d.ts","D:\cbtc-final\cbtc-lms\node_modules\@google-ai\generativelanguage\build\src\v1alpha\prediction_service_client.d.ts","../../protos/protos","",""
"retriever_service_client.d.ts","D:\cbtc-final\cbtc-lms\node_modules\@google-ai\generativelanguage\build\src\v1alpha\retriever_service_client.d.ts","../../protos/protos","",""
"text_service_client.d.ts","D:\cbtc-final\cbtc-lms\node_modules\@google-ai\generativelanguage\build\src\v1alpha\text_service_client.d.ts","../../protos/protos","",""
"cache_service_client.d.ts","D:\cbtc-final\cbtc-lms\node_modules\@google-ai\generativelanguage\build\src\v1beta\cache_service_client.d.ts","../../protos/protos","",""
"discuss_service_client.d.ts","D:\cbtc-final\cbtc-lms\node_modules\@google-ai\generativelanguage\build\src\v1beta\discuss_service_client.d.ts","../../protos/protos","",""
"file_service_client.d.ts","D:\cbtc-final\cbtc-lms\node_modules\@google-ai\generativelanguage\build\src\v1beta\file_service_client.d.ts","../../protos/protos","",""
"generative_service_client.d.ts","D:\cbtc-final\cbtc-lms\node_modules\@google-ai\generativelanguage\build\src\v1beta\generative_service_client.d.ts","../../protos/protos","",""
"model_service_client.d.ts","D:\cbtc-final\cbtc-lms\node_modules\@google-ai\generativelanguage\build\src\v1beta\model_service_client.d.ts","../../protos/protos","",""
"permission_service_client.d.ts","D:\cbtc-final\cbtc-lms\node_modules\@google-ai\generativelanguage\build\src\v1beta\permission_service_client.d.ts","../../protos/protos","",""
"prediction_service_client.d.ts","D:\cbtc-final\cbtc-lms\node_modules\@google-ai\generativelanguage\build\src\v1beta\prediction_service_client.d.ts","../../protos/protos","",""
"retriever_service_client.d.ts","D:\cbtc-final\cbtc-lms\node_modules\@google-ai\generativelanguage\build\src\v1beta\retriever_service_client.d.ts","../../protos/protos","",""
"text_service_client.d.ts","D:\cbtc-final\cbtc-lms\node_modules\@google-ai\generativelanguage\build\src\v1beta\text_service_client.d.ts","../../protos/protos","",""
"discuss_service_client.d.ts","D:\cbtc-final\cbtc-lms\node_modules\@google-ai\generativelanguage\build\src\v1beta2\discuss_service_client.d.ts","../../protos/protos","",""
"model_service_client.d.ts","D:\cbtc-final\cbtc-lms\node_modules\@google-ai\generativelanguage\build\src\v1beta2\model_service_client.d.ts","../../protos/protos","",""
"text_service_client.d.ts","D:\cbtc-final\cbtc-lms\node_modules\@google-ai\generativelanguage\build\src\v1beta2\text_service_client.d.ts","../../protos/protos","",""
"discuss_service_client.d.ts","D:\cbtc-final\cbtc-lms\node_modules\@google-ai\generativelanguage\build\src\v1beta3\discuss_service_client.d.ts","../../protos/protos","",""
"model_service_client.d.ts","D:\cbtc-final\cbtc-lms\node_modules\@google-ai\generativelanguage\build\src\v1beta3\model_service_client.d.ts","../../protos/protos","",""
"permission_service_client.d.ts","D:\cbtc-final\cbtc-lms\node_modules\@google-ai\generativelanguage\build\src\v1beta3\permission_service_client.d.ts","../../protos/protos","",""
"text_service_client.d.ts","D:\cbtc-final\cbtc-lms\node_modules\@google-ai\generativelanguage\build\src\v1beta3\text_service_client.d.ts","../../protos/protos","",""
"index.d.ts","D:\cbtc-final\cbtc-lms\node_modules\@google-ai\generativelanguage\build\src\index.d.ts","./v1; ./v1alpha; ./v1beta; ./v1beta2; ./v1beta3; ../protos/protos","",""
"DescriptorProto.d.ts","D:\cbtc-final\cbtc-lms\node_modules\@grpc\grpc-js\build\src\generated\google\protobuf\DescriptorProto.d.ts","../../google/protobuf/FieldDescriptorProto; ../../google/protobuf/DescriptorProto; ../../google/protobuf/EnumDescriptorProto; ../../google/protobuf/MessageOptions; ../../google/protobuf/OneofDescriptorProto; ../../google/protobuf/SymbolVisibility; ../../google/protobuf/ExtensionRangeOptions","",""
"EnumDescriptorProto.d.ts","D:\cbtc-final\cbtc-lms\node_modules\@grpc\grpc-js\build\src\generated\google\protobuf\EnumDescriptorProto.d.ts","../../google/protobuf/EnumValueDescriptorProto; ../../google/protobuf/EnumOptions; ../../google/protobuf/SymbolVisibility","",""
"EnumOptions.d.ts","D:\cbtc-final\cbtc-lms\node_modules\@grpc\grpc-js\build\src\generated\google\protobuf\EnumOptions.d.ts","../../google/protobuf/FeatureSet; ../../google/protobuf/UninterpretedOption","",""
"EnumValueDescriptorProto.d.ts","D:\cbtc-final\cbtc-lms\node_modules\@grpc\grpc-js\build\src\generated\google\protobuf\EnumValueDescriptorProto.d.ts","../../google/protobuf/EnumValueOptions","",""
"EnumValueOptions.d.ts","D:\cbtc-final\cbtc-lms\node_modules\@grpc\grpc-js\build\src\generated\google\protobuf\EnumValueOptions.d.ts","../../google/protobuf/FeatureSet; ../../google/protobuf/FieldOptions; ../../google/protobuf/UninterpretedOption","",""
"ExtensionRangeOptions.d.ts","D:\cbtc-final\cbtc-lms\node_modules\@grpc\grpc-js\build\src\generated\google\protobuf\ExtensionRangeOptions.d.ts","../../google/protobuf/FeatureSet; ../../google/protobuf/UninterpretedOption","",""
"FeatureSetDefaults.d.ts","D:\cbtc-final\cbtc-lms\node_modules\@grpc\grpc-js\build\src\generated\google\protobuf\FeatureSetDefaults.d.ts","../../google/protobuf/Edition; ../../google/protobuf/FeatureSet","",""
"FieldDescriptorProto.d.ts","D:\cbtc-final\cbtc-lms\node_modules\@grpc\grpc-js\build\src\generated\google\protobuf\FieldDescriptorProto.d.ts","../../google/protobuf/FieldOptions","",""
"FieldOptions.d.ts","D:\cbtc-final\cbtc-lms\node_modules\@grpc\grpc-js\build\src\generated\google\protobuf\FieldOptions.d.ts","../../google/protobuf/FeatureSet; ../../google/protobuf/UninterpretedOption; ../../validate/FieldRules; ../../google/protobuf/Edition","",""
"FileDescriptorProto.d.ts","D:\cbtc-final\cbtc-lms\node_modules\@grpc\grpc-js\build\src\generated\google\protobuf\FileDescriptorProto.d.ts","../../google/protobuf/DescriptorProto; ../../google/protobuf/EnumDescriptorProto; ../../google/protobuf/ServiceDescriptorProto; ../../google/protobuf/FieldDescriptorProto; ../../google/protobuf/FileOptions; ../../google/protobuf/SourceCodeInfo; ../../google/protobuf/Edition","",""
"FileDescriptorSet.d.ts","D:\cbtc-final\cbtc-lms\node_modules\@grpc\grpc-js\build\src\generated\google\protobuf\FileDescriptorSet.d.ts","../../google/protobuf/FileDescriptorProto","",""
"FileOptions.d.ts","D:\cbtc-final\cbtc-lms\node_modules\@grpc\grpc-js\build\src\generated\google\protobuf\FileOptions.d.ts","../../google/protobuf/FeatureSet; ../../google/protobuf/UninterpretedOption","",""
"MessageOptions.d.ts","D:\cbtc-final\cbtc-lms\node_modules\@grpc\grpc-js\build\src\generated\google\protobuf\MessageOptions.d.ts","../../google/protobuf/FeatureSet; ../../google/protobuf/UninterpretedOption","",""
"MethodDescriptorProto.d.ts","D:\cbtc-final\cbtc-lms\node_modules\@grpc\grpc-js\build\src\generated\google\protobuf\MethodDescriptorProto.d.ts","../../google/protobuf/MethodOptions","",""
"MethodOptions.d.ts","D:\cbtc-final\cbtc-lms\node_modules\@grpc\grpc-js\build\src\generated\google\protobuf\MethodOptions.d.ts","../../google/protobuf/FeatureSet; ../../google/protobuf/UninterpretedOption","",""
"OneofDescriptorProto.d.ts","D:\cbtc-final\cbtc-lms\node_modules\@grpc\grpc-js\build\src\generated\google\protobuf\OneofDescriptorProto.d.ts","../../google/protobuf/OneofOptions","",""
"OneofOptions.d.ts","D:\cbtc-final\cbtc-lms\node_modules\@grpc\grpc-js\build\src\generated\google\protobuf\OneofOptions.d.ts","../../google/protobuf/FeatureSet; ../../google/protobuf/UninterpretedOption","",""
"ServiceDescriptorProto.d.ts","D:\cbtc-final\cbtc-lms\node_modules\@grpc\grpc-js\build\src\generated\google\protobuf\ServiceDescriptorProto.d.ts","../../google/protobuf/MethodDescriptorProto; ../../google/protobuf/ServiceOptions","",""
"ServiceOptions.d.ts","D:\cbtc-final\cbtc-lms\node_modules\@grpc\grpc-js\build\src\generated\google\protobuf\ServiceOptions.d.ts","../../google/protobuf/FeatureSet; ../../google/protobuf/UninterpretedOption","",""
"Address.d.ts","D:\cbtc-final\cbtc-lms\node_modules\@grpc\grpc-js\build\src\generated\grpc\channelz\v1\Address.d.ts","../../../google/protobuf/Any","",""
"Channel.d.ts","D:\cbtc-final\cbtc-lms\node_modules\@grpc\grpc-js\build\src\generated\grpc\channelz\v1\Channel.d.ts","../../../grpc/channelz/v1/ChannelRef; ../../../grpc/channelz/v1/ChannelData; ../../../grpc/channelz/v1/SubchannelRef; ../../../grpc/channelz/v1/SocketRef","",""
"ChannelData.d.ts","D:\cbtc-final\cbtc-lms\node_modules\@grpc\grpc-js\build\src\generated\grpc\channelz\v1\ChannelData.d.ts","../../../grpc/channelz/v1/ChannelConnectivityState; ../../../grpc/channelz/v1/ChannelTrace; ../../../google/protobuf/Timestamp","",""
"ChannelTrace.d.ts","D:\cbtc-final\cbtc-lms\node_modules\@grpc\grpc-js\build\src\generated\grpc\channelz\v1\ChannelTrace.d.ts","../../../google/protobuf/Timestamp; ../../../grpc/channelz/v1/ChannelTraceEvent","",""
"ChannelTraceEvent.d.ts","D:\cbtc-final\cbtc-lms\node_modules\@grpc\grpc-js\build\src\generated\grpc\channelz\v1\ChannelTraceEvent.d.ts","../../../google/protobuf/Timestamp; ../../../grpc/channelz/v1/ChannelRef; ../../../grpc/channelz/v1/SubchannelRef","",""
"Channelz.d.ts","D:\cbtc-final\cbtc-lms\node_modules\@grpc\grpc-js\build\src\generated\grpc\channelz\v1\Channelz.d.ts","../../../../index; ../../../grpc/channelz/v1/GetChannelRequest; ../../../grpc/channelz/v1/GetChannelResponse; ../../../grpc/channelz/v1/GetServerRequest; ../../../grpc/channelz/v1/GetServerResponse; ../../../grpc/channelz/v1/GetServerSocketsRequest; ../../../grpc/channelz/v1/GetServerSocketsResponse; ../../../grpc/channelz/v1/GetServersRequest; ../../../grpc/channelz/v1/GetServersResponse; ../../../grpc/channelz/v1/GetSocketRequest; ../../../grpc/channelz/v1/GetSocketResponse; ../../../grpc/channelz/v1/GetSubchannelRequest; ../../../grpc/channelz/v1/GetSubchannelResponse; ../../../grpc/channelz/v1/GetTopChannelsRequest; ../../../grpc/channelz/v1/GetTopChannelsResponse","",""
"GetChannelResponse.d.ts","D:\cbtc-final\cbtc-lms\node_modules\@grpc\grpc-js\build\src\generated\grpc\channelz\v1\GetChannelResponse.d.ts","../../../grpc/channelz/v1/Channel","",""
"GetServerResponse.d.ts","D:\cbtc-final\cbtc-lms\node_modules\@grpc\grpc-js\build\src\generated\grpc\channelz\v1\GetServerResponse.d.ts","../../../grpc/channelz/v1/Server","",""
"GetServerSocketsResponse.d.ts","D:\cbtc-final\cbtc-lms\node_modules\@grpc\grpc-js\build\src\generated\grpc\channelz\v1\GetServerSocketsResponse.d.ts","../../../grpc/channelz/v1/SocketRef","",""
"GetServersResponse.d.ts","D:\cbtc-final\cbtc-lms\node_modules\@grpc\grpc-js\build\src\generated\grpc\channelz\v1\GetServersResponse.d.ts","../../../grpc/channelz/v1/Server","",""
"GetSocketResponse.d.ts","D:\cbtc-final\cbtc-lms\node_modules\@grpc\grpc-js\build\src\generated\grpc\channelz\v1\GetSocketResponse.d.ts","../../../grpc/channelz/v1/Socket","",""
"GetSubchannelResponse.d.ts","D:\cbtc-final\cbtc-lms\node_modules\@grpc\grpc-js\build\src\generated\grpc\channelz\v1\GetSubchannelResponse.d.ts","../../../grpc/channelz/v1/Subchannel","",""
"GetTopChannelsResponse.d.ts","D:\cbtc-final\cbtc-lms\node_modules\@grpc\grpc-js\build\src\generated\grpc\channelz\v1\GetTopChannelsResponse.d.ts","../../../grpc/channelz/v1/Channel","",""
"Security.d.ts","D:\cbtc-final\cbtc-lms\node_modules\@grpc\grpc-js\build\src\generated\grpc\channelz\v1\Security.d.ts","../../../google/protobuf/Any","",""
"Server.d.ts","D:\cbtc-final\cbtc-lms\node_modules\@grpc\grpc-js\build\src\generated\grpc\channelz\v1\Server.d.ts","../../../grpc/channelz/v1/ServerRef; ../../../grpc/channelz/v1/ServerData; ../../../grpc/channelz/v1/SocketRef","",""
"ServerData.d.ts","D:\cbtc-final\cbtc-lms\node_modules\@grpc\grpc-js\build\src\generated\grpc\channelz\v1\ServerData.d.ts","../../../grpc/channelz/v1/ChannelTrace; ../../../google/protobuf/Timestamp","",""
"Socket.d.ts","D:\cbtc-final\cbtc-lms\node_modules\@grpc\grpc-js\build\src\generated\grpc\channelz\v1\Socket.d.ts","../../../grpc/channelz/v1/SocketRef; ../../../grpc/channelz/v1/SocketData; ../../../grpc/channelz/v1/Address; ../../../grpc/channelz/v1/Security","",""
"SocketData.d.ts","D:\cbtc-final\cbtc-lms\node_modules\@grpc\grpc-js\build\src\generated\grpc\channelz\v1\SocketData.d.ts","../../../google/protobuf/Timestamp; ../../../google/protobuf/Int64Value; ../../../grpc/channelz/v1/SocketOption","",""
"SocketOption.d.ts","D:\cbtc-final\cbtc-lms\node_modules\@grpc\grpc-js\build\src\generated\grpc\channelz\v1\SocketOption.d.ts","../../../google/protobuf/Any","",""
"SocketOptionLinger.d.ts","D:\cbtc-final\cbtc-lms\node_modules\@grpc\grpc-js\build\src\generated\grpc\channelz\v1\SocketOptionLinger.d.ts","../../../google/protobuf/Duration","",""
"SocketOptionTimeout.d.ts","D:\cbtc-final\cbtc-lms\node_modules\@grpc\grpc-js\build\src\generated\grpc\channelz\v1\SocketOptionTimeout.d.ts","../../../google/protobuf/Duration","",""
"Subchannel.d.ts","D:\cbtc-final\cbtc-lms\node_modules\@grpc\grpc-js\build\src\generated\grpc\channelz\v1\Subchannel.d.ts","../../../grpc/channelz/v1/SubchannelRef; ../../../grpc/channelz/v1/ChannelData; ../../../grpc/channelz/v1/ChannelRef; ../../../grpc/channelz/v1/SocketRef","",""
"DurationRules.d.ts","D:\cbtc-final\cbtc-lms\node_modules\@grpc\grpc-js\build\src\generated\validate\DurationRules.d.ts","../google/protobuf/Duration","",""
"FieldRules.d.ts","D:\cbtc-final\cbtc-lms\node_modules\@grpc\grpc-js\build\src\generated\validate\FieldRules.d.ts","../validate/FloatRules; ../validate/DoubleRules; ../validate/Int32Rules; ../validate/Int64Rules; ../validate/UInt32Rules; ../validate/UInt64Rules; ../validate/SInt32Rules; ../validate/SInt64Rules; ../validate/Fixed32Rules; ../validate/Fixed64Rules; ../validate/SFixed32Rules; ../validate/SFixed64Rules; ../validate/BoolRules; ../validate/StringRules; ../validate/BytesRules; ../validate/EnumRules; ../validate/MessageRules; ../validate/RepeatedRules; ../validate/MapRules; ../validate/AnyRules; ../validate/DurationRules; ../validate/TimestampRules","",""
"MapRules.d.ts","D:\cbtc-final\cbtc-lms\node_modules\@grpc\grpc-js\build\src\generated\validate\MapRules.d.ts","../validate/FieldRules","",""
"RepeatedRules.d.ts","D:\cbtc-final\cbtc-lms\node_modules\@grpc\grpc-js\build\src\generated\validate\RepeatedRules.d.ts","../validate/FieldRules","",""
"StringRules.d.ts","D:\cbtc-final\cbtc-lms\node_modules\@grpc\grpc-js\build\src\generated\validate\StringRules.d.ts","../validate/KnownRegex","",""
"TimestampRules.d.ts","D:\cbtc-final\cbtc-lms\node_modules\@grpc\grpc-js\build\src\generated\validate\TimestampRules.d.ts","../google/protobuf/Timestamp; ../google/protobuf/Duration","",""
"OpenRcaService.d.ts","D:\cbtc-final\cbtc-lms\node_modules\@grpc\grpc-js\build\src\generated\xds\service\orca\v3\OpenRcaService.d.ts","../../../../../index; ../../../../xds/data/orca/v3/OrcaLoadReport; ../../../../xds/service/orca/v3/OrcaLoadReportRequest","",""
"OrcaLoadReportRequest.d.ts","D:\cbtc-final\cbtc-lms\node_modules\@grpc\grpc-js\build\src\generated\xds\service\orca\v3\OrcaLoadReportRequest.d.ts","../../../../google/protobuf/Duration","",""
"channelz.d.ts","D:\cbtc-final\cbtc-lms\node_modules\@grpc\grpc-js\build\src\generated\channelz.d.ts","../index; ./google/protobuf/Any; ./google/protobuf/BoolValue; ./google/protobuf/BytesValue; ./google/protobuf/DoubleValue; ./google/protobuf/Duration; ./google/protobuf/FloatValue; ./google/protobuf/Int32Value; ./google/protobuf/Int64Value; ./google/protobuf/StringValue; ./google/protobuf/Timestamp; ./google/protobuf/UInt32Value; ./google/protobuf/UInt64Value; ./grpc/channelz/v1/Address; ./grpc/channelz/v1/Channel; ./grpc/channelz/v1/ChannelConnectivityState; ./grpc/channelz/v1/ChannelData; ./grpc/channelz/v1/ChannelRef; ./grpc/channelz/v1/ChannelTrace; ./grpc/channelz/v1/ChannelTraceEvent; ./grpc/channelz/v1/Channelz; ./grpc/channelz/v1/GetChannelRequest; ./grpc/channelz/v1/GetChannelResponse; ./grpc/channelz/v1/GetServerRequest; ./grpc/channelz/v1/GetServerResponse; ./grpc/channelz/v1/GetServerSocketsRequest; ./grpc/channelz/v1/GetServerSocketsResponse; ./grpc/channelz/v1/GetServersRequest; ./grpc/channelz/v1/GetServersResponse; ./grpc/channelz/v1/GetSocketRequest; ./grpc/channelz/v1/GetSocketResponse; ./grpc/channelz/v1/GetSubchannelRequest; ./grpc/channelz/v1/GetSubchannelResponse; ./grpc/channelz/v1/GetTopChannelsRequest; ./grpc/channelz/v1/GetTopChannelsResponse; ./grpc/channelz/v1/Security; ./grpc/channelz/v1/Server; ./grpc/channelz/v1/ServerData; ./grpc/channelz/v1/ServerRef; ./grpc/channelz/v1/Socket; ./grpc/channelz/v1/SocketData; ./grpc/channelz/v1/SocketOption; ./grpc/channelz/v1/SocketOptionLinger; ./grpc/channelz/v1/SocketOptionTcpInfo; ./grpc/channelz/v1/SocketOptionTimeout; ./grpc/channelz/v1/SocketRef; ./grpc/channelz/v1/Subchannel; ./grpc/channelz/v1/SubchannelRef","",""
"orca.d.ts","D:\cbtc-final\cbtc-lms\node_modules\@grpc\grpc-js\build\src\generated\orca.d.ts","../index; ./google/protobuf/DescriptorProto; ./google/protobuf/Duration; ./google/protobuf/EnumDescriptorProto; ./google/protobuf/EnumOptions; ./google/protobuf/EnumValueDescriptorProto; ./google/protobuf/EnumValueOptions; ./google/protobuf/ExtensionRangeOptions; ./google/protobuf/FeatureSet; ./google/protobuf/FeatureSetDefaults; ./google/protobuf/FieldDescriptorProto; ./google/protobuf/FieldOptions; ./google/protobuf/FileDescriptorProto; ./google/protobuf/FileDescriptorSet; ./google/protobuf/FileOptions; ./google/protobuf/GeneratedCodeInfo; ./google/protobuf/MessageOptions; ./google/protobuf/MethodDescriptorProto; ./google/protobuf/MethodOptions; ./google/protobuf/OneofDescriptorProto; ./google/protobuf/OneofOptions; ./google/protobuf/ServiceDescriptorProto; ./google/protobuf/ServiceOptions; ./google/protobuf/SourceCodeInfo; ./google/protobuf/Timestamp; ./google/protobuf/UninterpretedOption; ./validate/AnyRules; ./validate/BoolRules; ./validate/BytesRules; ./validate/DoubleRules; ./validate/DurationRules; ./validate/EnumRules; ./validate/FieldRules; ./validate/Fixed32Rules; ./validate/Fixed64Rules; ./validate/FloatRules; ./validate/Int32Rules; ./validate/Int64Rules; ./validate/MapRules; ./validate/MessageRules; ./validate/RepeatedRules; ./validate/SFixed32Rules; ./validate/SFixed64Rules; ./validate/SInt32Rules; ./validate/SInt64Rules; ./validate/StringRules; ./validate/TimestampRules; ./validate/UInt32Rules; ./validate/UInt64Rules; ./xds/data/orca/v3/OrcaLoadReport; ./xds/service/orca/v3/OpenRcaService; ./xds/service/orca/v3/OrcaLoadReportRequest","",""
"admin.d.ts","D:\cbtc-final\cbtc-lms\node_modules\@grpc\grpc-js\build\src\admin.d.ts","./make-client; ./server","",""
"call-credentials.d.ts","D:\cbtc-final\cbtc-lms\node_modules\@grpc\grpc-js\build\src\call-credentials.d.ts","./metadata","",""
"call-interface.d.ts","D:\cbtc-final\cbtc-lms\node_modules\@grpc\grpc-js\build\src\call-interface.d.ts","./auth-context; ./call-credentials; ./constants; ./deadline; ./metadata; ./server-call","",""
"call.d.ts","D:\cbtc-final\cbtc-lms\node_modules\@grpc\grpc-js\build\src\call.d.ts","./call-interface; ./events; ./metadata; ./object-stream; ./client-interceptors; ./auth-context","",""
"channel-credentials.d.ts","D:\cbtc-final\cbtc-lms\node_modules\@grpc\grpc-js\build\src\channel-credentials.d.ts","./call-credentials; ./certificate-provider; ./channel-options; ./uri-parser","",""
"channel-options.d.ts","D:\cbtc-final\cbtc-lms\node_modules\@grpc\grpc-js\build\src\channel-options.d.ts","./compression-algorithms","",""
"channel.d.ts","D:\cbtc-final\cbtc-lms\node_modules\@grpc\grpc-js\build\src\channel.d.ts","./channel-credentials; ./channel-options; ./server-call; ./connectivity-state; ./channelz; ./call-interface; ./deadline","",""
"channelz.d.ts","D:\cbtc-final\cbtc-lms\node_modules\@grpc\grpc-js\build\src\channelz.d.ts","./connectivity-state; ./generated/grpc/channelz/v1/ChannelTrace; ./subchannel-address; ./generated/grpc/channelz/v1/Channelz","",""
"client-interceptors.d.ts","D:\cbtc-final\cbtc-lms\node_modules\@grpc\grpc-js\build\src\client-interceptors.d.ts","./metadata; ./call-interface; ./constants; ./channel; ./client; ./make-client; ./auth-context","",""
"client.d.ts","D:\cbtc-final\cbtc-lms\node_modules\@grpc\grpc-js\build\src\client.d.ts","./call; ./call-credentials; ./channel; ./channel-credentials; ./channel-options; ./metadata; ./make-client; ./client-interceptors; ./server-call; ./deadline","",""
"compression-filter.d.ts","D:\cbtc-final\cbtc-lms\node_modules\@grpc\grpc-js\build\src\compression-filter.d.ts","./call-interface; ./channel; ./channel-options; ./filter; ./metadata","",""
"control-plane-status.d.ts","D:\cbtc-final\cbtc-lms\node_modules\@grpc\grpc-js\build\src\control-plane-status.d.ts","./constants","",""
"filter-stack.d.ts","D:\cbtc-final\cbtc-lms\node_modules\@grpc\grpc-js\build\src\filter-stack.d.ts","./call-interface; ./filter; ./metadata","",""
"filter.d.ts","D:\cbtc-final\cbtc-lms\node_modules\@grpc\grpc-js\build\src\filter.d.ts","./call-interface; ./metadata","",""
"http_proxy.d.ts","D:\cbtc-final\cbtc-lms\node_modules\@grpc\grpc-js\build\src\http_proxy.d.ts","./subchannel-address; ./channel-options; ./uri-parser","",""
"index.d.ts","D:\cbtc-final\cbtc-lms\node_modules\@grpc\grpc-js\build\src\index.d.ts","./call; ./call-credentials; ./call-interface; ./channel; ./compression-algorithms; ./connectivity-state; ./channel-credentials; ./client; ./constants; ./make-client; ./metadata; ./server; ./server-credentials; ./status-builder; ./server-call; ./experimental; ./deadline","",""
"internal-channel.d.ts","D:\cbtc-final\cbtc-lms\node_modules\@grpc\grpc-js\build\src\internal-channel.d.ts","./channel-credentials; ./channel-options; ./picker; ./metadata; ./resolver; ./server-call; ./connectivity-state; ./channelz; ./load-balancing-call; ./call-credentials; ./call-interface; ./deadline; ./resolving-call; ./retrying-call; ./subchannel-interface","",""
"load-balancer-child-handler.d.ts","D:\cbtc-final\cbtc-lms\node_modules\@grpc\grpc-js\build\src\load-balancer-child-handler.d.ts","./load-balancer; ./subchannel-address; ./channel-options; ./call-interface","",""
"load-balancer-outlier-detection.d.ts","D:\cbtc-final\cbtc-lms\node_modules\@grpc\grpc-js\build\src\load-balancer-outlier-detection.d.ts","./channel-options; ./duration; ./experimental; ./load-balancer; ./subchannel-address; ./service-config; ./call-interface","",""
"load-balancer-pick-first.d.ts","D:\cbtc-final\cbtc-lms\node_modules\@grpc\grpc-js\build\src\load-balancer-pick-first.d.ts","./load-balancer; ./connectivity-state; ./picker; ./subchannel-address; ./channel-options; ./call-interface","",""
"load-balancer-round-robin.d.ts","D:\cbtc-final\cbtc-lms\node_modules\@grpc\grpc-js\build\src\load-balancer-round-robin.d.ts","./load-balancer; ./subchannel-address; ./channel-options; ./call-interface","",""
"load-balancer-weighted-round-robin.d.ts","D:\cbtc-final\cbtc-lms\node_modules\@grpc\grpc-js\build\src\load-balancer-weighted-round-robin.d.ts","./load-balancer","",""
"load-balancer.d.ts","D:\cbtc-final\cbtc-lms\node_modules\@grpc\grpc-js\build\src\load-balancer.d.ts","./channel-options; ./subchannel-address; ./connectivity-state; ./picker; ./channelz; ./subchannel-interface; ./service-config; ./call-interface","",""
"load-balancing-call.d.ts","D:\cbtc-final\cbtc-lms\node_modules\@grpc\grpc-js\build\src\load-balancing-call.d.ts","./call-credentials; ./call-interface; ./constants; ./deadline; ./internal-channel; ./metadata; ./resolver; ./auth-context","",""
"logging.d.ts","D:\cbtc-final\cbtc-lms\node_modules\@grpc\grpc-js\build\src\logging.d.ts","./constants","",""
"make-client.d.ts","D:\cbtc-final\cbtc-lms\node_modules\@grpc\grpc-js\build\src\make-client.d.ts","./channel-credentials; ./channel-options; ./client; ./server","",""
"object-stream.d.ts","D:\cbtc-final\cbtc-lms\node_modules\@grpc\grpc-js\build\src\object-stream.d.ts","./events","",""
"orca.d.ts","D:\cbtc-final\cbtc-lms\node_modules\@grpc\grpc-js\build\src\orca.d.ts","./generated/xds/data/orca/v3/OrcaLoadReport; ./generated/xds/service/orca/v3/OpenRcaService; ./server; ./channel; ./picker; ./subchannel-interface","",""
"picker.d.ts","D:\cbtc-final\cbtc-lms\node_modules\@grpc\grpc-js\build\src\picker.d.ts","./call-interface; ./metadata; ./constants; ./load-balancer; ./subchannel-interface","",""
"resolver.d.ts","D:\cbtc-final\cbtc-lms\node_modules\@grpc\grpc-js\build\src\resolver.d.ts","./service-config; ./call-interface; ./subchannel-address; ./uri-parser; ./channel-options; ./metadata; ./constants; ./filter","",""
"resolving-call.d.ts","D:\cbtc-final\cbtc-lms\node_modules\@grpc\grpc-js\build\src\resolving-call.d.ts","./call-credentials; ./call-interface; ./constants; ./filter-stack; ./internal-channel; ./metadata; ./auth-context","",""
"resolving-load-balancer.d.ts","D:\cbtc-final\cbtc-lms\node_modules\@grpc\grpc-js\build\src\resolving-load-balancer.d.ts","./load-balancer; ./service-config; ./resolver; ./call-interface; ./subchannel-address; ./uri-parser; ./channel-options","",""
"retrying-call.d.ts","D:\cbtc-final\cbtc-lms\node_modules\@grpc\grpc-js\build\src\retrying-call.d.ts","./call-credentials; ./constants; ./deadline; ./metadata; ./resolver; ./call-interface; ./internal-channel; ./auth-context","",""
"server-call.d.ts","D:\cbtc-final\cbtc-lms\node_modules\@grpc\grpc-js\build\src\server-call.d.ts","./make-client; ./metadata; ./object-stream; ./call-interface; ./deadline; ./server-interceptors; ./auth-context; ./orca","",""
"server-credentials.d.ts","D:\cbtc-final\cbtc-lms\node_modules\@grpc\grpc-js\build\src\server-credentials.d.ts",".; ./certificate-provider","",""
"server-interceptors.d.ts","D:\cbtc-final\cbtc-lms\node_modules\@grpc\grpc-js\build\src\server-interceptors.d.ts","./call-interface; ./make-client; ./metadata; ./channel-options; ./server-call; ./deadline; ./transport; ./auth-context; ./orca","",""
